<?xml version="1.0" encoding="utf-8"?>
<!DOCTYPE install SYSTEM "http://dev.joomla.org/xml/1.5/plugin-install.dtd">
<install type="plugin" group="content" version="1.5">
	<name>Content - Attachments</name>
	<author>Jonathan M. Cameron</author>
	<creationDate>February 20, 2008</creationDate>
	<copyright>(C) 2007, 2008 Jonathan M. Cameron. All rights reserved.</copyright>
	<license>http://www.gnu.org/licenses/gpl-2.0.html GNU/GPL</license>
	<authorEmail>jmcameron@jmcameron.net</authorEmail>
	<authorUrl>http://joomlacode.org/gf/project/attachments/</authorUrl>
	<version>1.2</version>
	<description>ATTACHMENT PLUGIN INSTALLED</description>
	<languages>
		<language tag="en-GB">en-GB.plg_content_attachments.ini</language>
		<language tag="en-GB">en-GB.plg_frontend_attachments.ini</language>
		<language tag="es-ES">es-ES.plg_content_attachments.ini</language>
		<language tag="es-ES">es-ES.plg_frontend_attachments.ini</language>
		<language tag="de-DE">de-DE.plg_content_attachments.ini</language>
		<language tag="de-DE">de-DE.plg_frontend_attachments.ini</language>
		<language tag="fi-FI">fi-FI.plg_content_attachments.ini</language>
		<language tag="fi-FI">fi-FI.plg_frontend_attachments.ini</language>
		<language tag="fr-FR">fr-FR.plg_content_attachments.ini</language>
		<language tag="fr-FR">fr-FR.plg_frontend_attachments.ini</language>
		<language tag="pt-BR">pt-BR.plg_content_attachments.ini</language>
		<language tag="pt-BR">pt-BR.plg_frontend_attachments.ini</language>
		<language tag="nb-NO">nb-NO.plg_content_attachments.ini</language>
		<language tag="nb-NO">nb-NO.plg_frontend_attachments.ini</language>
		<language tag="nl-NL">nl-NL.plg_content_attachments.ini</language>
		<language tag="nl-NL">nl-NL.plg_frontend_attachments.ini</language>
		<language tag="zh-CN">zh-CN.plg_content_attachments.ini</language>
		<language tag="zh-CN">zh-CN.plg_frontend_attachments.ini</language>
		<language tag="zh-TW">zh-TW.plg_content_attachments.ini</language>
		<language tag="zh-TW">zh-TW.plg_frontend_attachments.ini</language>
	</languages>
	<files>
		<filename plugin="attachments">attachments.php</filename>
		<filename>attachments.css</filename>
		<filename>attachments2.css</filename>
	</files>
</install>
