<?xml version="1.0" ?>
<mosinstall type="component">
 <name>fireboard</name>
    <version>1.0.4</version>
    <creationDate>Dec. 2007</creationDate>
    <author>Best Of Joomla!</author>
    <authorEmail>fireboard@bestofjoomla.com</authorEmail>
    <authorUrl>http://www.bestofjoomla.com</authorUrl>
    <copyright>www.bestofjoomla.com</copyright>
    <license>GNU/GPL</license>
    <description>FireBoard Forum</description>
    <files>
        <filename>CHANGELOG.php</filename>
        <filename>COPYRIGHT.php</filename>
        <filename>_fbfiles_dist/avatars/gallery/airplane.gif</filename>
        <filename>_fbfiles_dist/avatars/gallery/ball.gif</filename>
        <filename>_fbfiles_dist/avatars/gallery/butterfly.gif</filename>
        <filename>_fbfiles_dist/avatars/gallery/car.gif</filename>
        <filename>_fbfiles_dist/avatars/gallery/dog.gif</filename>
        <filename>_fbfiles_dist/avatars/gallery/duck.gif</filename>
        <filename>_fbfiles_dist/avatars/gallery/fish.gif</filename>
        <filename>_fbfiles_dist/avatars/gallery/frog.gif</filename>
        <filename>_fbfiles_dist/avatars/gallery/guitar.gif</filename>
        <filename>_fbfiles_dist/avatars/gallery/kick.gif</filename>
        <filename>_fbfiles_dist/avatars/gallery/pinkflower.gif</filename>
        <filename>_fbfiles_dist/avatars/gallery/redflower.gif</filename>
        <filename>_fbfiles_dist/avatars/gallery/skater.gif</filename>
        <filename>_fbfiles_dist/avatars/index.php</filename>
        <filename>_fbfiles_dist/avatars/nophoto.jpg</filename>
        <filename>_fbfiles_dist/avatars/s_nophoto.jpg</filename>
        <filename>_fbfiles_dist/category_images/1_notlogin.gif</filename>
        <filename>_fbfiles_dist/category_images/1_off.gif</filename>
        <filename>_fbfiles_dist/category_images/1_on.gif</filename>
        <filename>_fbfiles_dist/category_images/index.php</filename>
        <filename>_fbfiles_dist/dummy.gif</filename>
        <filename>_fbfiles_dist/dummy.jpg</filename>
        <filename>_fbfiles_dist/dummy.png</filename>
        <filename>_fbfiles_dist/files/index.php</filename>
        <filename>_fbfiles_dist/images/index.gif</filename>
        <filename>_fbfiles_dist/images/index.php</filename>
        <filename>_fbfiles_dist/index.php</filename>
        <filename>class.fireboard.php</filename>
        <filename>fireboard.php</filename>
        <filename>index.php</filename>
        <filename>sources/fb_auth.php</filename>
        <filename>sources/fb_bb.js.php</filename>
        <filename>sources/fb_category.class.php</filename>
        <filename>sources/fb_db_iterator.class.php</filename>
        <filename>sources/fb_file_upload.php</filename>
        <filename>sources/fb_forumjump.php</filename>
        <filename>sources/fb_helpers.php</filename>
        <filename>sources/fb_image_upload.php</filename>
        <filename>sources/fb_karma.php</filename>
        <filename>sources/fb_mail.php</filename>
        <filename>sources/fb_pathway_old.php</filename>
        <filename>sources/fb_pdf.php</filename>
        <filename>sources/fb_permissions.php</filename>
        <filename>sources/fb_rss.php</filename>
        <filename>sources/fb_rules.php</filename>
        <filename>sources/fb_search.class.php</filename>
        <filename>sources/fb_statsbar.php</filename>
        <filename>sources/fb_timeformat.class.php</filename>
        <filename>sources/fb_version.php</filename>
        <filename>sources/index.php</filename>
        <filename>sources/interpreter.bbcode.inc.php</filename>
        <filename>sources/interpreter.fireboard.inc.php</filename>
        <filename>sources/parser.inc.php</filename>
        <filename>template/default/faq.php</filename>
        <filename>template/default/fb_category_list_bottom.php</filename>
        <filename>template/default/fb_layout.php</filename>
        <filename>template/default/fb_pathway.php</filename>
        <filename>template/default/fb_sub_category_list.php</filename>
        <filename>template/default/fb_write.html.php</filename>
        <filename>template/default/flat.php</filename>
        <filename>template/default/footer.html</filename>
        <filename>template/default/forum.css</filename>
        <filename>template/default/header.html</filename>
        <filename>template/default/icons.php</filename>
        <filename>template/default/images/bar.gif</filename>
        <filename>template/default/images/bullet-tips.gif</filename>
        <filename>template/default/images/down.gif</filename>
        <filename>template/default/images/edit.gif</filename>
        <filename>template/default/images/english/emoticons/aim.png</filename>
        <filename>template/default/images/english/emoticons/angry-grey.png</filename>
        <filename>template/default/images/english/emoticons/angry.png</filename>
        <filename>template/default/images/english/emoticons/arrow.gif</filename>
        <filename>template/default/images/english/emoticons/attachment.gif</filename>
        <filename>template/default/images/english/emoticons/blink-grey.png</filename>
        <filename>template/default/images/english/emoticons/blink.png</filename>
        <filename>template/default/images/english/emoticons/blush-grey.png</filename>
        <filename>template/default/images/english/emoticons/blush.png</filename>
        <filename>template/default/images/english/emoticons/cheerful-grey.png</filename>
        <filename>template/default/images/english/emoticons/cheerful.png</filename>
        <filename>template/default/images/english/emoticons/cool-grey.png</filename>
        <filename>template/default/images/english/emoticons/cool.png</filename>
        <filename>template/default/images/english/emoticons/default.gif</filename>
        <filename>template/default/images/english/emoticons/devil-grey.png</filename>
        <filename>template/default/images/english/emoticons/devil.png</filename>
        <filename>template/default/images/english/emoticons/dizzy-grey.png</filename>
        <filename>template/default/images/english/emoticons/dizzy.png</filename>
        <filename>template/default/images/english/emoticons/ermm-grey.png</filename>
        <filename>template/default/images/english/emoticons/ermm.png</filename>
        <filename>template/default/images/english/emoticons/exclam.gif</filename>
        <filename>template/default/images/english/emoticons/file.png</filename>
        <filename>template/default/images/english/emoticons/graph.gif</filename>
        <filename>template/default/images/english/emoticons/grin-grey.png</filename>
        <filename>template/default/images/english/emoticons/grin.gif</filename>
        <filename>template/default/images/english/emoticons/grin.png</filename>
        <filename>template/default/images/english/emoticons/icon_newest_reply.gif</filename>
        <filename>template/default/images/english/emoticons/icq.png</filename>
        <filename>template/default/images/english/emoticons/index.php</filename>
        <filename>template/default/images/english/emoticons/ip.gif</filename>
        <filename>template/default/images/english/emoticons/karmaminus.gif</filename>
        <filename>template/default/images/english/emoticons/karmaplus.gif</filename>
        <filename>template/default/images/english/emoticons/kissing-grey.png</filename>
        <filename>template/default/images/english/emoticons/kissing.png</filename>
        <filename>template/default/images/english/emoticons/laughing-grey.png</filename>
        <filename>template/default/images/english/emoticons/laughing.png</filename>
        <filename>template/default/images/english/emoticons/lock.gif</filename>
        <filename>template/default/images/english/emoticons/love.gif</filename>
        <filename>template/default/images/english/emoticons/msn.png</filename>
        <filename>template/default/images/english/emoticons/offlineicon.gif</filename>
        <filename>template/default/images/english/emoticons/onlineicon.gif</filename>
        <filename>template/default/images/english/emoticons/pinch-grey.png</filename>
        <filename>template/default/images/english/emoticons/pinch.png</filename>
        <filename>template/default/images/english/emoticons/pushpin.gif</filename>
        <filename>template/default/images/english/emoticons/question.gif</filename>
        <filename>template/default/images/english/emoticons/resultset_next.gif</filename>
        <filename>template/default/images/english/emoticons/review.gif</filename>
        <filename>template/default/images/english/emoticons/rss.gif</filename>
        <filename>template/default/images/english/emoticons/sad-grey.png</filename>
        <filename>template/default/images/english/emoticons/sad.png</filename>
        <filename>template/default/images/english/emoticons/sendpm.gif</filename>
        <filename>template/default/images/english/emoticons/shock.gif</filename>
        <filename>template/default/images/english/emoticons/shocked-grey.png</filename>
        <filename>template/default/images/english/emoticons/shocked.png</filename>
        <filename>template/default/images/english/emoticons/sick-grey.png</filename>
        <filename>template/default/images/english/emoticons/sick.png</filename>
        <filename>template/default/images/english/emoticons/sideways-grey.png</filename>
        <filename>template/default/images/english/emoticons/sideways.png</filename>
        <filename>template/default/images/english/emoticons/silly-grey.png</filename>
        <filename>template/default/images/english/emoticons/silly.png</filename>
        <filename>template/default/images/english/emoticons/smile-grey.png</filename>
        <filename>template/default/images/english/emoticons/smile.gif</filename>
        <filename>template/default/images/english/emoticons/smile.png</filename>
        <filename>template/default/images/english/emoticons/tongue-grey.png</filename>
        <filename>template/default/images/english/emoticons/tongue.png</filename>
        <filename>template/default/images/english/emoticons/unsure-grey.png</filename>
        <filename>template/default/images/english/emoticons/unsure.png</filename>
        <filename>template/default/images/english/emoticons/w00t-grey.png</filename>
        <filename>template/default/images/english/emoticons/w00t.png</filename>
        <filename>template/default/images/english/emoticons/wassat-grey.png</filename>
        <filename>template/default/images/english/emoticons/wassat.png</filename>
        <filename>template/default/images/english/emoticons/whistling-grey.png</filename>
        <filename>template/default/images/english/emoticons/whistling.png</filename>
        <filename>template/default/images/english/emoticons/wink-grey.png</filename>
        <filename>template/default/images/english/emoticons/wink.png</filename>
        <filename>template/default/images/english/emoticons/yahoo.png</filename>
        <filename>template/default/images/english/expand.gif</filename>
        <filename>template/default/images/english/graph/col1m.png</filename>
        <filename>template/default/images/english/graph/col2m.png</filename>
        <filename>template/default/images/english/graph/col3m.png</filename>
        <filename>template/default/images/english/graph/col4m.png</filename>
        <filename>template/default/images/english/graph/col5m.png</filename>
        <filename>template/default/images/english/graph/col6m.png</filename>
        <filename>template/default/images/english/graph/col7m.png</filename>
        <filename>template/default/images/english/graph/col8m.png</filename>
        <filename>template/default/images/english/graph/col9m.png</filename>
        <filename>template/default/images/english/graph/col10m.png</filename>
        <filename>template/default/images/english/graph/col11m.png</filename>
        <filename>template/default/images/english/graph/col12m.png</filename>
        <filename>template/default/images/english/graph/index.php</filename>
        <filename>template/default/images/english/icons/bottom_arrow.gif</filename>
        <filename>template/default/images/english/icons/delete.gif</filename>
        <filename>template/default/images/english/icons/edit.gif</filename>
        <filename>template/default/images/english/icons/favorite.gif</filename>
        <filename>template/default/images/english/icons/favoritestar.gif</filename>
        <filename>template/default/images/english/icons/folder.gif</filename>
        <filename>template/default/images/english/icons/folder_nonew.gif</filename>
        <filename>template/default/images/english/icons/folder_nonew_s.gif</filename>
        <filename>template/default/images/english/icons/folder_s.gif</filename>
        <filename>template/default/images/english/icons/index.php</filename>
        <filename>template/default/images/english/icons/ip.gif</filename>
        <filename>template/default/images/english/icons/lock.gif</filename>
        <filename>template/default/images/english/icons/markthisforumread.gif</filename>
        <filename>template/default/images/english/icons/move.gif</filename>
        <filename>template/default/images/english/icons/msg_reply.gif</filename>
        <filename>template/default/images/english/icons/msgaim.gif</filename>
        <filename>template/default/images/english/icons/msgbirthdate.gif</filename>
        <filename>template/default/images/english/icons/msgfemale.gif</filename>
        <filename>template/default/images/english/icons/msggtalk.gif</filename>
        <filename>template/default/images/english/icons/msgicq.gif</filename>
        <filename>template/default/images/english/icons/msglocation.gif</filename>
        <filename>template/default/images/english/icons/msgmale.gif</filename>
        <filename>template/default/images/english/icons/msgmsn.gif</filename>
        <filename>template/default/images/english/icons/msgskype.gif</filename>
        <filename>template/default/images/english/icons/msgwebsite.gif</filename>
        <filename>template/default/images/english/icons/msgyim.gif</filename>
        <filename>template/default/images/english/icons/new_thread.gif</filename>
        <filename>template/default/images/english/icons/offline.gif</filename>
        <filename>template/default/images/english/icons/online.gif</filename>
        <filename>template/default/images/english/icons/pm.gif</filename>
        <filename>template/default/images/english/icons/profile.gif</filename>
        <filename>template/default/images/english/icons/quick_reply.gif</filename>
        <filename>template/default/images/english/icons/quote.gif</filename>
        <filename>template/default/images/english/icons/readmessage_s.gif</filename>
        <filename>template/default/images/english/icons/reply.gif</filename>
        <filename>template/default/images/english/icons/sticky.gif</filename>
        <filename>template/default/images/english/icons/subscribe.gif</filename>
        <filename>template/default/images/english/icons/thread_lock.gif</filename>
        <filename>template/default/images/english/icons/tlatest.gif</filename>
        <filename>template/default/images/english/icons/tlock.gif</filename>
        <filename>template/default/images/english/icons/tmoder.gif</filename>
        <filename>template/default/images/english/icons/top_arrow.gif</filename>
        <filename>template/default/images/english/icons/tsticky.gif</filename>
        <filename>template/default/images/english/icons/unfavorite.gif</filename>
        <filename>template/default/images/english/icons/unlock.gif</filename>
        <filename>template/default/images/english/icons/unreadmessage_s.gif</filename>
        <filename>template/default/images/english/icons/unsticky.gif</filename>
        <filename>template/default/images/english/icons/unsubscribe.gif</filename>
        <filename>template/default/images/english/icons/wink.gif</filename>
        <filename>template/default/images/english/index.php</filename>
        <filename>template/default/images/english/ranks/index.php</filename>
        <filename>template/default/images/english/ranks/rank1.gif</filename>
        <filename>template/default/images/english/ranks/rank2.gif</filename>
        <filename>template/default/images/english/ranks/rank3.gif</filename>
        <filename>template/default/images/english/ranks/rank4.gif</filename>
        <filename>template/default/images/english/ranks/rank5.gif</filename>
        <filename>template/default/images/english/ranks/rank6.gif</filename>
        <filename>template/default/images/english/ranks/rankadmin.gif</filename>
        <filename>template/default/images/english/ranks/rankmod.gif</filename>
        <filename>template/default/images/english/ranks/rankspammer.gif</filename>
        <filename>template/default/images/english/shrink.gif</filename>
        <filename>template/default/images/english/tree-blank.gif</filename>
        <filename>template/default/images/english/tree-end.gif</filename>
        <filename>template/default/images/english/tree-join.gif</filename>
        <filename>template/default/images/english/tree-vert.gif</filename>
        <filename>template/default/images/index.php</filename>
        <filename>template/default/images/menu_open.gif</filename>
        <filename>template/default/images/msgtitleicon.gif</filename>
        <filename>template/default/images/pathway_finallink.gif</filename>
        <filename>template/default/images/pathway_start.gif</filename>
        <filename>template/default/images/preview_loading.gif</filename>
        <filename>template/default/images/search_icon.gif</filename>
        <filename>template/default/images/spoticon.gif</filename>
        <filename>template/default/images/up.gif</filename>
        <filename>template/default/images/usl_search_icon.gif</filename>
        <filename>template/default/index.php</filename>
        <filename>template/default/joomla.css</filename>
        <filename>template/default/js/bojForumCore.js</filename>
        <filename>template/default/js/index.php</filename>
        <filename>template/default/js/jquery-latest.pack.js</filename>
        <filename>template/default/latestx.php</filename>
        <filename>template/default/listcat.php</filename>
        <filename>template/default/message.php</filename>
        <filename>template/default/moderate_messages.php</filename>
        <filename>template/default/plugin/advancedsearch/advsearch.php</filename>
        <filename>template/default/plugin/advancedsearch/advsearchresult.php</filename>
        <filename>template/default/plugin/advancedsearch/index.php</filename>
        <filename>template/default/plugin/announcement/announcement.php</filename>
        <filename>template/default/plugin/announcement/announcementbox.php</filename>
        <filename>template/default/plugin/announcement/index.php</filename>
        <filename>template/default/plugin/captcha/index.php</filename>
        <filename>template/default/plugin/captcha/randomImage.php</filename>
        <filename>template/default/plugin/chili/cplusplus.css</filename>
        <filename>template/default/plugin/chili/cplusplus.js</filename>
        <filename>template/default/plugin/chili/csharp.css</filename>
        <filename>template/default/plugin/chili/csharp.js</filename>
        <filename>template/default/plugin/chili/css.css</filename>
        <filename>template/default/plugin/chili/css.js</filename>
        <filename>template/default/plugin/chili/delphi.css</filename>
        <filename>template/default/plugin/chili/delphi.js</filename>
        <filename>template/default/plugin/chili/html.css</filename>
        <filename>template/default/plugin/chili/html.js</filename>
        <filename>template/default/plugin/chili/java.css</filename>
        <filename>template/default/plugin/chili/java.js</filename>
        <filename>template/default/plugin/chili/javascript.css</filename>
        <filename>template/default/plugin/chili/javascript.js</filename>
        <filename>template/default/plugin/chili/jquery.chili-1.9.js</filename>
        <filename>template/default/plugin/chili/jquery.chili.pack.js</filename>
        <filename>template/default/plugin/chili/js-jquery/javascript.css</filename>
        <filename>template/default/plugin/chili/js-jquery/javascript.js</filename>
        <filename>template/default/plugin/chili/lotusscript.css</filename>
        <filename>template/default/plugin/chili/lotusscript.js</filename>
        <filename>template/default/plugin/chili/mysql.css</filename>
        <filename>template/default/plugin/chili/mysql.js</filename>
        <filename>template/default/plugin/chili/php.css</filename>
        <filename>template/default/plugin/chili/php.js</filename>
        <filename>template/default/plugin/chili/recipes.css</filename>
        <filename>template/default/plugin/chili/recipes.js</filename>
        <filename>template/default/plugin/emoticons/emoticons.js.php</filename>
        <filename>template/default/plugin/emoticons/index.php</filename>
        <filename>template/default/plugin/fbprofile/fbprofile.php</filename>
        <filename>template/default/plugin/fbprofile/forummsg.php</filename>
        <filename>template/default/plugin/fbprofile/index.php</filename>
        <filename>template/default/plugin/fbprofile/summary.php</filename>
        <filename>template/default/plugin/fbprofile/userinfos.php</filename>
        <filename>template/default/plugin/forumtools/forumtools.php</filename>
        <filename>template/default/plugin/forumtools/index.php</filename>
        <filename>template/default/plugin/index.php</filename>
        <filename>template/default/plugin/myprofile/myprofile.php</filename>
        <filename>template/default/plugin/myprofile/myprofile_avatar_upload.php</filename>
        <filename>template/default/plugin/myprofile/myprofile_fav.php</filename>
        <filename>template/default/plugin/myprofile/myprofile_menu.php</filename>
        <filename>template/default/plugin/myprofile/myprofile_mod.php</filename>
        <filename>template/default/plugin/myprofile/myprofile_msg.php</filename>
        <filename>template/default/plugin/myprofile/myprofile_profile_info.php</filename>
        <filename>template/default/plugin/myprofile/myprofile_set.php</filename>
        <filename>template/default/plugin/myprofile/myprofile_subs.php</filename>
        <filename>template/default/plugin/myprofile/myprofile_summary.php</filename>
        <filename>template/default/plugin/myprofile/myprofile_userdetails_form.php</filename>
        <filename>template/default/plugin/profilebox/index.php</filename>
        <filename>template/default/plugin/profilebox/profilebox.php</filename>
        <filename>template/default/plugin/recentposts/function.tabber.php</filename>
        <filename>template/default/plugin/recentposts/index.php</filename>
        <filename>template/default/plugin/recentposts/recentposts.php</filename>
        <filename>template/default/plugin/recentposts/tabber-minimized.js</filename>
        <filename>template/default/plugin/recentposts/tabber.css</filename>
        <filename>template/default/plugin/recentposts/tabber.js</filename>
        <filename>template/default/plugin/report/index.php</filename>
        <filename>template/default/plugin/report/report.php</filename>
        <filename>template/default/plugin/stats/bar.gif</filename>
        <filename>template/default/plugin/stats/frontstats.php</filename>
        <filename>template/default/plugin/stats/index.php</filename>
        <filename>template/default/plugin/stats/stats.class.php</filename>
        <filename>template/default/plugin/stats/stats.php</filename>
        <filename>template/default/plugin/userlist/index.php</filename>
        <filename>template/default/plugin/userlist/userlist.php</filename>
        <filename>template/default/plugin/who/index.php</filename>
        <filename>template/default/plugin/who/who.class.php</filename>
        <filename>template/default/plugin/who/who.php</filename>
        <filename>template/default/plugin/who/whoisonline.php</filename>
        <filename>template/default/post.php</filename>
        <filename>template/default/showcat.php</filename>
        <filename>template/default/smile.class.php</filename>
        <filename>template/default/template_img_thumbnail.png</filename>
        <filename>template/default/template_thumbnail.png</filename>
        <filename>template/default/thread.php</filename>
        <filename>template/default/userprofile.php</filename>
        <filename>template/default/view.php</filename>
        <filename>template/default_gray/footer.html</filename>
        <filename>template/default_gray/forum.css</filename>
        <filename>template/default_gray/header.html</filename>
        <filename>template/default_gray/images/bar.gif</filename>
        <filename>template/default_gray/images/edit.gif</filename>
        <filename>template/default_gray/images/index.php</filename>
        <filename>template/default_gray/images/menu_open.gif</filename>
        <filename>template/default_gray/images/msgtitleicon.gif</filename>
        <filename>template/default_gray/images/pathway_finallink.gif</filename>
        <filename>template/default_gray/images/pathway_start.gif</filename>
        <filename>template/default_gray/images/search_icon.gif</filename>
        <filename>template/default_gray/images/spoticon.gif</filename>
        <filename>template/default_gray/index.php</filename>
        <filename>template/default_gray/template_img_thumbnail.png</filename>
        <filename>template/default_gray/template_thumbnail.png</filename>
        <filename>template/default_green/footer.html</filename>
        <filename>template/default_green/forum.css</filename>
        <filename>template/default_green/header.html</filename>
        <filename>template/default_green/images/bar.gif</filename>
        <filename>template/default_green/images/edit.gif</filename>
        <filename>template/default_green/images/index.php</filename>
        <filename>template/default_green/images/menu_open.gif</filename>
        <filename>template/default_green/images/msgtitleicon.gif</filename>
        <filename>template/default_green/images/pathway_finallink.gif</filename>
        <filename>template/default_green/images/pathway_start.gif</filename>
        <filename>template/default_green/images/search_icon.gif</filename>
        <filename>template/default_green/images/spoticon.gif</filename>
        <filename>template/default_green/index.php</filename>
        <filename>template/default_green/template_img_thumbnail.png</filename>
        <filename>template/default_green/template_thumbnail.png</filename>
        <filename>template/default_red/footer.html</filename>
        <filename>template/default_red/forum.css</filename>
        <filename>template/default_red/header.html</filename>
        <filename>template/default_red/images/bar.gif</filename>
        <filename>template/default_red/images/edit.gif</filename>
        <filename>template/default_red/images/index.php</filename>
        <filename>template/default_red/images/menu_open.gif</filename>
        <filename>template/default_red/images/msgtitleicon.gif</filename>
        <filename>template/default_red/images/pathway_finallink.gif</filename>
        <filename>template/default_red/images/pathway_start.gif</filename>
        <filename>template/default_red/images/search_icon.gif</filename>
        <filename>template/default_red/images/spoticon.gif</filename>
        <filename>template/default_red/index.php</filename>
        <filename>template/default_red/template_img_thumbnail.png</filename>
        <filename>template/default_red/template_thumbnail.png</filename>
        <filename>template/index.php</filename>
    </files>
    <installfile>install.fireboard.php</installfile>
    <uninstallfile>uninstall.fireboard.php</uninstallfile>
    <administration>
        <files>
            <filename>admin.fireboard.html.php</filename>
            <filename>admin.fireboard.php</filename>
            <filename>bb_adm.js</filename>
            <filename>fb_cpanel.php</filename>
            <filename>fireboard.xml</filename>
            <filename>fireboard_config.php</filename>
            <filename>fireboard_mosbot_help.php</filename>
            <filename>images/fbconfig.png</filename>
            <filename>images/fbcss.png</filename>
            <filename>images/fbfile.png</filename>
            <filename>images/fbfiles.png</filename>
            <filename>images/fbforumadm.png</filename>
            <filename>images/fbimages.png</filename>
            <filename>images/fbloadsample.png</filename>
            <filename>images/fbmenu.png</filename>
            <filename>images/fbranks.png</filename>
            <filename>images/fbremovesample.png</filename>
            <filename>images/fbsample.png</filename>
            <filename>images/fbsmiley.png</filename>
            <filename>images/fbtable.png</filename>
            <filename>images/fbtechsupport.png</filename>
            <filename>images/fbupgrade.png</filename>
            <filename>images/fbuser.png</filename>
            <filename>images/fbusers.png</filename>
            <filename>images/logo.png</filename>
            <filename>images/paypalbutton.png</filename>
            <filename>install.fireboard.php</filename>
            <filename>language/english.php</filename>
            <filename>stats.class.php</filename>
            <filename>toolbar.fireboard.html.php</filename>
            <filename>toolbar.fireboard.php</filename>
            <filename>uninstall.fireboard.php</filename>
        </files>
        <menu link="">FireBoard Forum</menu>
    </administration>
    <params />
</mosinstall>
