<?xml version="1.0" encoding="utf-8"?>
<install version="1.5" type="plugin" group="editors-xtd">
	<name>Editor Button - AddAttachment</name>
	<author>Jonathan M. Cameron</author>
	<creationDate>February 20, 2008</creationDate>
	<copyright>(C) 2007, 2008 Jonathan M. Cameron. All rights reserved.</copyright>
	<license>http://www.gnu.org/licenses/gpl-2.0.html GNU/GPL</license>
	<authorEmail>jmcameron@jmcameron.net</authorEmail>
	<authorUrl>http://joomlacode.org/gf/project/attachments/</authorUrl>
	<version>1.2</version>
	<description>ADD ATTACHMENT BUTTON PLUGIN INSTALLED</description>
	<languages>
		<language tag="en-GB">en-GB.plg_editors-xtd_add_attachment.ini</language>
		<language tag="es-ES">es-ES.plg_editors-xtd_add_attachment.ini</language>
		<language tag="de-DE">de-DE.plg_editors-xtd_add_attachment.ini</language>
		<language tag="fi-FI">fi-FI.plg_editors-xtd_add_attachment.ini</language>
		<language tag="fr-FR">fr-FR.plg_editors-xtd_add_attachment.ini</language>
		<language tag="pt-BR">pt-BR.plg_editors-xtd_add_attachment.ini</language>
		<language tag="nb-NO">nb-NO.plg_editors-xtd_add_attachment.ini</language>
		<language tag="nl-NL">nl-NL.plg_editors-xtd_add_attachment.ini</language>
		<language tag="zh-CN">zh-CN.plg_editors-xtd_add_attachment.ini</language>
		<language tag="zh-TW">zh-TW.plg_editors-xtd_add_attachment.ini</language>
	</languages>
	<files>
		<filename plugin="add_attachment">add_attachment.php</filename>
		<filename>add_attachment.png</filename>
		<filename>add_attachment.css</filename>
	</files>
	<params />
</install>
