<?xml version="1.0" ?>
<mosinstall type="component">
<name>uploadboxpro</name>
<creationDate>4/27/2005</creationDate>
<author>Shawn Sandy</author>
<copyright>This component in released under a Creative Commons License</copyright>
<authorEmail>shawnsandy04@gmail.com</authorEmail>
<authorUrl>www.sstreamtv.com</authorUrl>
<version>1.0</version>
<files>
<filename>uploadboxpro.php</filename>
<filename>mediauploadproV1.swf</filename>
</files>
 <install>
  <queries>
   <query>DROP TABLE IF EXISTS `#__clipboxtv`;</query>
   <query>CREATE TABLE `#__clipboxtv` (
                 `id` int(12) NOT NULL auto_increment,
                 `flv_file` varchar(255) default NULL,
                 `movie_summary` varchar(255) default NULL,
                 `submitted_by` varchar(255) default NULL,
                 `date_sub` varchar(255) default NULL,
                 `views` int(12) default NULL,
                 `size` varchar(50) default NULL,
                 `published` varchar(4) default NULL,
                 `type` varchar(8) default NULL,
                 PRIMARY KEY  (`id`)
               ) TYPE=MyISAM </query>
  </queries>
 </install>
 <uninstall>
  <queries>
   <query>DROP TABLE IF EXISTS `#__clipboxtv`;</query>
   </queries>
 </uninstall>
 <installfile>
  <filename>install.uploadboxpro.php</filename>
 </installfile>
 <uninstallfile>
  <filename>uninstall.uploadboxpro.php</filename>
 </uninstallfile>
<administration>
	<menu>UploadBoxPro</menu>
<files>
	<filename>admin.uploadboxpro.php</filename>
</files>
</administration>
<params>
<param name="maxuploadsize" type="text" size="50" default="" label="MaxUploadSize" description="The max filesize you wish users to upload" />
<param name="mediafiles" type="text" size="60" default="*.swf;*.flv;*.mp3;*.wma;*.mov;*.wmv;*.mpg;*.mp4" label="MediaFiles" description="Enter the audio/video files types you whish to upload to add *.ext; semi colon to seperate each file type" />
<param name="imagefiles" type="text" size="60" default="*.jpg;*.png;*.gif" label="Image Files" description="Enter the image files types you whish to upload to add *.ext; semi colon to seperate each file type" />
<param name="categories1" type="text" size="60" default="" label="Category" description="Enter the joomla categories you wish to publish to you can publish to 3 different categories" />
<param name="categories2" type="text" size="60" default="" label="Category ID" description="Enter the joomla categories ID for the above category name" />
<param name="categories3" type="text" size="60" default="" label="Section ID" description="Enter the joomla Section for the above category ID" />
<param name="auto" type="text" size="60" default="1" label="Autopublish" description="Publish articles automatically 1 YES, 0 NO" />
<param name="instructions" type="textarea" default="" label="Instructions" rows="10" cols="30" description="Enter you instructions or disclaimers here, this will appear at the top of the page" />
</params>
</mosinstall>
