<?xml version="1.0" encoding="utf-8"?>
<!DOCTYPE install SYSTEM "http://dev.joomla.org/xml/1.5/component-install.dtd">
<install type="component" version="1.5">
	<name>Attachments</name>
	<author>Jonathan M. Cameron</author>
	<creationDate>February 20, 2008</creationDate>
	<copyright>(C) 2007, 2008 Jonathan M. Cameron. All rights reserved.</copyright>
	<license>http://www.gnu.org/licenses/gpl-2.0.html GNU/GPL</license>
	<authorEmail>jmcameron@jmcameron.net</authorEmail>
	<authorUrl>http://joomlacode.org/gf/project/attachments/</authorUrl>
	<version>1.2</version>
	<description>Attachments for Articles installed: This component allows files to be uploaded and attached to  articles.</description>
	<installfile>install.attachments.php</installfile>
	<uninstallfile>uninstall.attachments.php</uninstallfile>
	<install>
		<sql>
			<file driver="mysql" charset="utf8">install.mysql.sql</file>
		</sql>
	</install>
	<uninstall>
		<sql>
			<file driver="mysql" charset="utf8">uninstall.mysql.sql</file> 
		</sql>
	</uninstall>
	<languages folder="site">
		<language tag="en-GB">en-GB.com_attachments.ini</language>
		<language tag="es-ES">es-ES.com_attachments.ini</language>
		<language tag="de-DE">de-DE.com_attachments.ini</language>
		<language tag="fi-FI">fi-FI.com_attachments.ini</language>
		<language tag="fr-FR">fr-FR.com_attachments.ini</language>
		<language tag="pt-BR">pt-BR.com_attachments.ini</language>
		<language tag="nb-NO">nb-NO.com_attachments.ini</language>
		<language tag="nl-NL">nl-NL.com_attachments.ini</language>
		<language tag="zh-CN">zh-CN.com_attachments.ini</language>
		<language tag="zh-TW">zh-TW.com_attachments.ini</language>
	</languages>
	<files folder="site">
		<filename>attachments.php</filename>
		<filename>controller.php</filename>
		<filename>helper.php</filename>
		<filename>file_types.php</filename>
		<filename>router.php</filename>
		<filename>index.html</filename>
		<filename>media/index.html</filename>
	    <filename>media/attachment.gif</filename>
		<filename>media/icons/index.html</filename>
	    <filename>media/icons/3d.gif</filename>
	    <filename>media/icons/archive.gif</filename>
	    <filename>media/icons/audio.gif</filename>
	    <filename>media/icons/c.gif</filename>
	    <filename>media/icons/cpp.gif</filename>
	    <filename>media/icons/css.gif</filename>
	    <filename>media/icons/csv.gif</filename>
	    <filename>media/icons/download.gif</filename>
	    <filename>media/icons/eps.gif</filename>
	    <filename>media/icons/excel.gif</filename>
	    <filename>media/icons/flash.gif</filename>
	    <filename>media/icons/generic.gif</filename>
	    <filename>media/icons/h.gif</filename>
	    <filename>media/icons/image.gif</filename>
	    <filename>media/icons/js.gif</filename>
	    <filename>media/icons/midi.gif</filename>
	    <filename>media/icons/mov.gif</filename>
	    <filename>media/icons/odg.gif</filename>
	    <filename>media/icons/odp.gif</filename>
	    <filename>media/icons/ods.gif</filename>
	    <filename>media/icons/odt.gif</filename>
	    <filename>media/icons/pdf.gif</filename>
	    <filename>media/icons/php.gif</filename>
	    <filename>media/icons/ppt.gif</filename>
	    <filename>media/icons/ps.gif</filename>
	    <filename>media/icons/rtf.gif</filename>
	    <filename>media/icons/sql.gif</filename>
	    <filename>media/icons/text.gif</filename>
	    <filename>media/icons/video.gif</filename>
	    <filename>media/icons/word.gif</filename>
	    <filename>media/icons/xml.gif</filename>
	    <filename>media/icons/zip.gif</filename>
	</files>
	<administration>
		<menu img="components/com_attachments/attachments.png">Attachments</menu>
		<languages folder="admin">
			<language tag="en-GB">en-GB.com_attachments.ini</language>
			<language tag="en-GB">en-GB.com_attachments.menu.ini</language>
			<language tag="es-ES">es-ES.com_attachments.ini</language>
			<language tag="es-ES">es-ES.com_attachments.menu.ini</language>
			<language tag="de-DE">de-DE.com_attachments.ini</language>
			<language tag="de-DE">de-DE.com_attachments.menu.ini</language>
			<language tag="fi-FI">fi-FI.com_attachments.ini</language>
			<language tag="fi-FI">fi-FI.com_attachments.menu.ini</language>
			<language tag="fr-FR">fr-FR.com_attachments.ini</language>
			<language tag="fr-FR">fr-FR.com_attachments.menu.ini</language>
			<language tag="pt-BR">pt-BR.com_attachments.ini</language>
			<language tag="pt-BR">pt-BR.com_attachments.menu.ini</language>
			<language tag="nb-NO">nb-NO.com_attachments.ini</language>
			<language tag="nb-NO">nb-NO.com_attachments.menu.ini</language>
			<language tag="nl-NL">nl-NL.com_attachments.ini</language>
			<language tag="nl-NL">nl-NL.com_attachments.menu.ini</language>
			<language tag="zh-CN">zh-CN.com_attachments.ini</language>
			<language tag="zh-CN">zh-CN.com_attachments.menu.ini</language>
			<language tag="zh-TW">zh-TW.com_attachments.ini</language>
			<language tag="zh-TW">zh-TW.com_attachments.menu.ini</language>
		</languages>
		<files folder="admin">
		   <filename>install.mysql.sql</filename>
		   <filename>uninstall.mysql.sql</filename>
		   <filename>config.xml</filename>
		   <filename>admin.attachments.html.php</filename>
		   <filename>admin.attachments.php</filename>
		   <filename>controller.php</filename>
    	   <filename>controllers/index.html</filename>
    	   <filename>controllers/special.php</filename>
    	   <filename>models/index.html</filename>
    	   <filename>models/special.php</filename>
    	   <filename>views/index.html</filename>
    	   <filename>views/special/index.html</filename>
    	   <filename>views/special/view.php</filename>
		   <filename>tables/attachments.php</filename>
		   <filename>tables/index.html</filename>
		   <filename>help/index.html</filename>
		   <filename>help/en-GB/help.html</filename>
		   <filename>help/en-GB/help.css</filename>
		   <filename>help/en-GB/index.html</filename>
		   <filename>help/de-DE/help.html</filename>
		   <filename>help/de-DE/help.css</filename>
		   <filename>help/de-DE/index.html</filename>
		   <filename>help/es-ES/help.html</filename>
		   <filename>help/es-ES/help.css</filename>
		   <filename>help/es-ES/index.html</filename>
		   <filename>help/fi-FI/help.html</filename>
		   <filename>help/fi-FI/help.css</filename>
		   <filename>help/fi-FI/index.html</filename>
		   <filename>help/fr-FR/help.html</filename>
		   <filename>help/fr-FR/help.css</filename>
		   <filename>help/fr-FR/index.html</filename>
		   <filename>help/nb-NO/help.html</filename>
		   <filename>help/nb-NO/help.css</filename>
		   <filename>help/nb-NO/index.html</filename>
		   <filename>help/nl-NL/help.html</filename>
		   <filename>help/nl-NL/help.css</filename>
		   <filename>help/nl-NL/index.html</filename>
		   <filename>help/pt-BR/help.html</filename>
		   <filename>help/pt-BR/help.css</filename>
		   <filename>help/pt-BR/index.html</filename>
		   <filename>help/zh-CN/help.html</filename>
		   <filename>help/zh-CN/help.css</filename>
		   <filename>help/zh-CN/index.html</filename>
		   <filename>help/zh-TW/help.html</filename>
		   <filename>help/zh-TW/help.css</filename>
		   <filename>help/zh-TW/index.html</filename>
		   <filename>toolbar.attachments.html.php</filename>
		   <filename>toolbar.attachments.php</filename>
		   <filename>attachments.css</filename>
		   <filename>attachments.png</filename>
           <filename>index.html</filename>
		</files>
	</administration>
</install>
